<?xml version="1.0" encoding="UTF-8"?><metadata>
<idinfo>
<citation>
<citeinfo>
<title>Hospitals</title>
</citeinfo>
</citation>
<descript>
<abstract/>
<purpose>Hospitals (Updated: Weekly 16-Sep-2019 09:21) Summary: Hospitals</purpose>
</descript>
<keywords>
<theme>
<themekt>None</themekt>
<themekey>Points</themekey>
<themekey>of</themekey>
<themekey>Interest</themekey>
<themekey>Landmarks</themekey>
<themekey>Community</themekey>
<themekey>Services</themekey>
<themekey>City</themekey>
<themekey>of</themekey>
<themekey>Kitchener</themekey>
<themekey>Kitchener</themekey>
<themekey>Open</themekey>
<themekey>Data</themekey>
</theme>
</keywords>
<accconst>None</accconst>
<useconst/>
<datacred>City of Kitchener - TIS - GeoSpatial Data and Analytics</datacred>
</idinfo>
<metainfo>
<metstdn>FGDC Content Standard for Digital Geospatial Metadata</metstdn>
<metstdv>FGDC-STD-001-1998</metstdv>
<mettc>local time</mettc>
</metainfo>
</metadata>
